order_date,product_category,order_value,order_count,month,month_name,day_of_week
2018-05-03 16:17:08,beleza_saude,42.49,1,5,May,Thursday
2018-04-10 21:32:22,eletrodomesticos,10.5,1,4,April,Tuesday
2018-05-03 12:10:46,cama_mesa_banho,56.1,1,5,May,Thursday
2017-10-28 21:26:26,bebes,39.9,1,10,October,Saturday
2017-07-29 19:30:58,automotivo,63.99,1,7,July,Saturday
2017-10-12 17:03:36,relogios_presentes,249.99,1,10,October,Thursday
2018-08-03 16:52:32,perfumaria,92.99,1,8,August,Friday
2017-11-24 09:53:54,esporte_lazer,43.2,1,11,November,Friday
2018-03-01 15:49:38,moveis_escritorio,89.99,1,3,March,Thursday
2017-07-18 12:35:54,esporte_lazer,84.9,1,7,July,Tuesday
2017-10-12 14:55:11,pet_shop,209.9,1,10,October,Thursday
2018-08-10 13:40:11,cama_mesa_banho,89.0,1,8,August,Friday
2017-09-16 16:19:14,utilidades_domesticas,49.0,1,9,September,Saturday
2018-03-18 17:34:34,informatica_acessorios,129.0,1,3,March,Sunday
2018-06-04 14:44:40,moveis_sala,110.0,1,6,June,Monday
2017-08-27 15:36:37,esporte_lazer,168.88,1,8,August,Sunday
2017-11-26 23:15:12,telefonia,59.9,1,11,November,Sunday
2018-08-04 15:18:02,construcao_ferramentas_jardim,52.9,1,8,August,Saturday
2018-08-19 14:51:31,esporte_lazer,17.0,1,8,August,Sunday
2018-05-06 15:35:28,utilidades_domesticas,34.9,1,5,May,Sunday
2017-06-04 10:59:12,relogios_presentes,119.9,1,6,June,Sunday
2017-08-24 14:34:50,relogios_presentes,579.9,1,8,August,Thursday
2017-08-15 23:23:16,fashion_bolsas_e_acessorios,190.0,1,8,August,Tuesday
2017-09-15 01:32:20,ferramentas_jardim,119.9,1,9,September,Friday
2018-02-15 15:37:41,bebidas,47.49,1,2,February,Thursday
2018-07-03 15:08:25,climatizacao,144.88,1,7,July,Tuesday
2017-12-15 23:36:05,cama_mesa_banho,45.9,1,12,December,Friday
2018-03-23 11:39:18,cama_mesa_banho,168.98,1,3,March,Friday
2018-03-15 20:55:33,beleza_saude,109.9,1,3,March,Thursday
2017-11-25 23:11:44,informatica_acessorios,34.95,1,11,November,Saturday
2017-07-27 11:50:33,utilidades_domesticas,53.6,1,7,July,Thursday
2018-06-19 11:59:59,bebes,199.9,1,6,June,Tuesday
2017-07-19 16:39:20,fashion_bolsas_e_acessorios,39.99,1,7,July,Wednesday
2017-03-26 17:55:38,fashion_roupa_masculina,24.9,1,3,March,Sunday
2018-03-06 15:57:28,moveis_decoracao,50.0,1,3,March,Tuesday
2018-05-22 18:04:24,utilidades_domesticas,38.8,1,5,May,Tuesday
2018-04-27 16:30:00,informatica_acessorios,95.0,1,4,April,Friday
2018-03-09 16:41:08,moveis_decoracao,79.9,1,3,March,Friday
2018-02-20 16:23:24,esporte_lazer,115.0,1,2,February,Tuesday
2018-01-16 20:46:20,consoles_games,689.89,1,1,January,Tuesday
2018-01-05 14:56:40,informatica_acessorios,198.9,1,1,January,Friday
2018-07-21 16:42:48,perfumaria,49.99,1,7,July,Saturday
2018-01-21 17:40:10,malas_acessorios,299.9,1,1,January,Sunday
2017-11-19 13:22:29,beleza_saude,29.99,1,11,November,Sunday
2017-12-02 14:05:22,moveis_decoracao,39.9,1,12,December,Saturday
2017-01-27 19:04:57,moveis_sala,103.99,1,1,January,Friday
2017-05-30 10:56:54,malas_acessorios,89.9,1,5,May,Tuesday
2018-06-18 17:05:41,brinquedos,120.9,1,6,June,Monday
2017-07-16 16:29:57,perfumaria,79.99,1,7,July,Sunday
2017-06-08 11:18:47,utilidades_domesticas,90.9,1,6,June,Thursday
2017-10-10 17:58:51,cama_mesa_banho,38.99,1,10,October,Tuesday
2017-11-27 21:45:48,construcao_ferramentas_construcao,99.9,1,11,November,Monday
2017-12-01 11:02:53,eletronicos,9.9,1,12,December,Friday
2017-11-21 22:55:37,cool_stuff,699.9,1,11,November,Tuesday
2017-03-22 10:44:34,cool_stuff,739.9,1,3,March,Wednesday
2018-06-16 19:42:55,fashion_bolsas_e_acessorios,49.0,1,6,June,Saturday
2017-07-26 16:44:38,automotivo,40.0,1,7,July,Wednesday
2017-07-25 19:42:51,malas_acessorios,45.9,1,7,July,Tuesday
2017-12-08 09:15:28,cama_mesa_banho,95.03,1,12,December,Friday
2017-12-06 22:20:30,brinquedos,329.9,1,12,December,Wednesday
2017-09-23 10:49:53,beleza_saude,349.9,1,9,September,Saturday
2017-08-02 16:54:58,informatica_acessorios,139.9,1,8,August,Wednesday
2018-03-12 01:17:08,esporte_lazer,89.9,1,3,March,Monday
2018-05-20 12:10:01,esporte_lazer,43.0,1,5,May,Sunday
2018-07-20 15:25:04,relogios_presentes,78.0,1,7,July,Friday
2018-05-12 03:22:41,esporte_lazer,79.99,1,5,May,Saturday
2017-11-07 22:26:03,papelaria,169.0,1,11,November,Tuesday
2018-03-31 21:54:03,papelaria,149.0,1,3,March,Saturday
2017-05-20 17:52:37,pet_shop,16.8,1,5,May,Saturday
2018-02-26 20:21:07,cama_mesa_banho,149.9,1,2,February,Monday
2018-08-28 14:11:30,informatica_acessorios,19.0,1,8,August,Tuesday
2018-04-04 21:12:12,beleza_saude,59.99,1,4,April,Wednesday
2018-07-11 07:33:55,eletrodomesticos,26.19,1,7,July,Wednesday
2017-12-24 14:53:32,cool_stuff,199.98,1,12,December,Sunday
2017-08-13 17:34:45,cool_stuff,119.99,1,8,August,Sunday
2018-04-10 00:09:42,malas_acessorios,99.0,1,4,April,Tuesday
2018-07-25 21:24:26,pet_shop,114.99,1,7,July,Wednesday
2018-06-26 16:11:26,beleza_saude,119.99,1,6,June,Tuesday
2017-01-19 19:35:35,moveis_decoracao,229.9,1,1,January,Thursday
2018-06-07 23:40:07,ferramentas_jardim,33.41,1,6,June,Thursday
2018-04-18 15:24:21,esporte_lazer,105.3,1,4,April,Wednesday
2018-06-25 18:04:43,beleza_saude,29.9,1,6,June,Monday
2017-02-16 02:03:30,market_place,62.9,1,2,February,Thursday
2017-10-20 08:23:45,cama_mesa_banho,85.0,1,10,October,Friday
2017-06-23 10:32:48,cama_mesa_banho,89.9,1,6,June,Friday
2017-11-21 08:29:20,esporte_lazer,105.89,1,11,November,Tuesday
2018-01-26 10:52:37,eletronicos,135.9,1,1,January,Friday
2017-07-21 12:05:51,cool_stuff,113.3,1,7,July,Friday
2017-03-09 16:43:40,esporte_lazer,99.0,1,3,March,Thursday
2017-09-09 17:12:59,moveis_decoracao,299.0,1,9,September,Saturday
2018-02-23 22:11:15,cama_mesa_banho,72.0,1,2,February,Friday
2018-05-06 21:30:39,eletronicos,72.0,1,5,May,Sunday
2018-05-14 00:21:31,beleza_saude,53.79,1,5,May,Monday
2017-07-03 23:04:26,eletronicos,12.9,1,7,July,Monday
2017-11-28 14:16:57,moveis_decoracao,99.9,1,11,November,Tuesday
2017-12-21 07:39:41,beleza_saude,12.0,1,12,December,Thursday
2018-02-05 17:04:21,beleza_saude,349.9,1,2,February,Monday
2017-06-28 11:08:38,malas_acessorios,174.33,1,6,June,Wednesday
2017-11-26 18:36:07,ferramentas_jardim,49.0,1,11,November,Sunday
2017-11-24 16:12:44,audio,14.9,1,11,November,Friday
2018-04-27 14:19:52,relogios_presentes,105.0,1,4,April,Friday
2017-12-28 12:57:08,ferramentas_jardim,49.9,1,12,December,Thursday
2018-07-27 22:11:55,alimentos_bebidas,58.32,1,7,July,Friday
2018-03-05 09:29:59,beleza_saude,59.65,1,3,March,Monday
2018-04-12 20:31:19,beleza_saude,120.0,1,4,April,Thursday
2018-02-03 09:26:20,pet_shop,95.5,1,2,February,Saturday
2018-04-19 19:51:12,cama_mesa_banho,35.9,1,4,April,Thursday
2017-11-25 00:23:59,moveis_sala,47.9,1,11,November,Saturday
2017-04-05 13:51:15,cool_stuff,869.9,1,4,April,Wednesday
2017-06-08 08:27:25,beleza_saude,62.9,1,6,June,Thursday
2017-11-25 08:26:11,brinquedos,199.99,1,11,November,Saturday
2018-08-03 17:51:59,utilidades_domesticas,34.9,1,8,August,Friday
2018-05-12 13:15:48,esporte_lazer,42.0,1,5,May,Saturday
2018-04-03 18:26:29,perfumaria,37.9,1,4,April,Tuesday
2017-06-07 21:13:15,utilidades_domesticas,42.9,1,6,June,Wednesday
2018-01-18 02:11:56,cama_mesa_banho,49.95,1,1,January,Thursday
2017-10-04 08:32:08,beleza_saude,44.9,1,10,October,Wednesday
2017-07-31 15:26:03,utilidades_domesticas,46.2,1,7,July,Monday
2017-10-13 22:30:47,consoles_games,1004.99,1,10,October,Friday
2018-03-30 08:51:47,livros_interesse_geral,19.95,1,3,March,Friday
2017-11-05 01:22:08,beleza_saude,169.0,1,11,November,Sunday
2018-05-21 21:42:42,casa_construcao,129.95,1,5,May,Monday
2018-03-23 20:57:50,utilidades_domesticas,25.0,1,3,March,Friday
2018-05-14 17:00:31,telefonia,29.99,1,5,May,Monday
2018-01-26 08:17:40,informatica_acessorios,110.0,1,1,January,Friday
2018-05-01 19:28:53,perfumaria,119.99,1,5,May,Tuesday
2017-11-09 15:59:56,audio,44.99,1,11,November,Thursday
2017-05-29 13:23:09,esporte_lazer,65.0,1,5,May,Monday
2018-04-09 22:51:46,construcao_ferramentas_ferramentas,6.8,1,4,April,Monday
2017-09-18 17:27:14,bebes,24.99,1,9,September,Monday
2017-06-04 20:28:39,utilidades_domesticas,22.48,1,6,June,Sunday
2018-07-12 16:22:47,perfumaria,9.9,1,7,July,Thursday
2018-05-23 13:19:46,cama_mesa_banho,78.99,1,5,May,Wednesday
2018-03-17 19:21:13,cama_mesa_banho,75.0,1,3,March,Saturday
2018-01-31 10:24:01,ferramentas_jardim,220.0,1,1,January,Wednesday
2018-05-16 23:27:16,ferramentas_jardim,53.9,1,5,May,Wednesday
2018-05-04 15:21:06,telefonia,231.54,1,5,May,Friday
2018-08-15 17:13:07,cama_mesa_banho,129.9,1,8,August,Wednesday
2017-12-24 13:33:13,informatica_acessorios,42.99,1,12,December,Sunday
2018-03-06 09:13:14,fashion_underwear_e_moda_praia,59.9,1,3,March,Tuesday
2018-02-19 10:56:55,informatica_acessorios,40.0,1,2,February,Monday
2017-10-19 19:26:59,telefonia,329.22,1,10,October,Thursday
2018-04-27 03:45:31,cama_mesa_banho,54.99,1,4,April,Friday
2017-07-18 15:22:12,ferramentas_jardim,552.5,1,7,July,Tuesday
2017-02-08 15:35:42,cama_mesa_banho,39.0,1,2,February,Wednesday
2018-08-08 14:27:15,telefonia,170.0,1,8,August,Wednesday
2017-11-10 08:56:32,brinquedos,149.99,1,11,November,Friday
2018-04-29 11:34:53,cama_mesa_banho,59.9,1,4,April,Sunday
2017-11-16 19:25:07,bebes,110.0,1,11,November,Thursday
2018-03-07 21:08:18,ferramentas_jardim,53.9,1,3,March,Wednesday
2018-01-13 00:26:23,cama_mesa_banho,74.9,1,1,January,Saturday
2018-02-07 14:33:40,pet_shop,59.9,1,2,February,Wednesday
2018-01-02 07:58:29,beleza_saude,29.9,1,1,January,Tuesday
2017-12-10 13:30:00,eletronicos,25.9,1,12,December,Sunday
2017-12-14 12:18:48,telefonia,25.9,1,12,December,Thursday
2017-12-14 09:36:10,cama_mesa_banho,45.9,1,12,December,Thursday
2018-02-22 10:18:05,eletronicos,13.3,1,2,February,Thursday
2018-05-03 19:34:47,relogios_presentes,99.9,1,5,May,Thursday
2018-02-07 14:23:10,beleza_saude,59.9,1,2,February,Wednesday
2018-08-13 15:27:36,papelaria,98.9,1,8,August,Monday
2018-05-18 00:32:06,informatica_acessorios,79.9,1,5,May,Friday
2018-01-16 15:21:52,informatica_acessorios,40.0,1,1,January,Tuesday
2017-09-12 17:47:39,telefonia,279.9,1,9,September,Tuesday
2018-08-09 04:25:07,beleza_saude,29.9,1,8,August,Thursday
2017-07-04 20:32:22,perfumaria,56.9,1,7,July,Tuesday
2018-04-17 22:29:03,relogios_presentes,44.0,1,4,April,Tuesday
2017-03-02 13:42:02,moveis_decoracao,29.9,1,3,March,Thursday
2017-01-15 00:01:45,telefonia,10.49,1,1,January,Sunday
2018-06-25 17:16:09,relogios_presentes,104.9,1,6,June,Monday
2017-07-07 16:46:44,moveis_decoracao,24.75,1,7,July,Friday
2018-03-09 20:09:13,relogios_presentes,219.0,1,3,March,Friday
2018-04-27 11:16:21,beleza_saude,110.0,1,4,April,Friday
2018-05-11 10:13:31,construcao_ferramentas_construcao,68.0,1,5,May,Friday
2018-02-28 22:26:55,utilidades_domesticas,14.56,1,2,February,Wednesday
2018-03-15 11:54:21,moveis_decoracao,65.0,1,3,March,Thursday
2018-01-17 09:52:38,eletronicos,23.7,1,1,January,Wednesday
2017-11-04 00:01:14,ferramentas_jardim,59.9,1,11,November,Saturday
2017-12-08 19:36:16,perfumaria,84.99,1,12,December,Friday
2018-01-26 03:09:42,informatica_acessorios,29.99,1,1,January,Friday
2018-01-29 12:26:40,papelaria,58.0,1,1,January,Monday
2017-07-19 20:19:44,brinquedos,44.9,1,7,July,Wednesday
2017-07-24 18:27:13,market_place,62.8,1,7,July,Monday
2018-07-16 04:02:53,relogios_presentes,179.9,1,7,July,Monday
2018-01-04 21:40:58,beleza_saude,59.99,1,1,January,Thursday
2018-02-08 10:08:50,cama_mesa_banho,39.0,1,2,February,Thursday
2017-08-31 18:40:37,informatica_acessorios,29.9,1,8,August,Thursday
2017-08-28 10:34:23,esporte_lazer,159.99,1,8,August,Monday
2017-09-07 11:23:20,moveis_escritorio,159.99,1,9,September,Thursday
2017-11-26 22:09:58,ferramentas_jardim,49.0,1,11,November,Sunday
2018-07-23 13:08:54,relogios_presentes,728.9,1,7,July,Monday
2017-07-10 18:11:32,eletronicos,14.9,1,7,July,Monday
2018-05-09 12:14:58,beleza_saude,129.9,1,5,May,Wednesday
2018-01-18 11:39:28,beleza_saude,59.0,1,1,January,Thursday
2018-02-05 09:46:19,cama_mesa_banho,92.9,1,2,February,Monday
2018-02-28 17:00:02,moveis_escritorio,94.9,1,2,February,Wednesday
2018-02-21 01:04:12,relogios_presentes,24.99,1,2,February,Wednesday
2017-01-30 18:30:53,cool_stuff,199.0,1,1,January,Monday
2017-11-23 09:21:45,moveis_decoracao,49.0,1,11,November,Thursday
2017-06-01 16:56:43,esporte_lazer,149.9,1,6,June,Thursday
2017-11-05 07:21:55,casa_construcao,65.9,1,11,November,Sunday
2018-01-26 13:53:45,instrumentos_musicais,38.0,1,1,January,Friday
2017-02-12 10:01:47,brinquedos,128.9,1,2,February,Sunday
2018-01-02 18:14:55,automotivo,143.8,1,1,January,Tuesday
2017-09-23 13:04:31,informatica_acessorios,49.9,1,9,September,Saturday
2018-04-13 11:52:12,cama_mesa_banho,47.9,1,4,April,Friday
2018-03-02 16:36:24,agro_industria_e_comercio,19.5,1,3,March,Friday
2018-05-31 15:31:29,beleza_saude,38.0,1,5,May,Thursday
2017-06-02 15:37:31,esporte_lazer,119.99,1,6,June,Friday
2017-09-15 14:28:21,fashion_underwear_e_moda_praia,89.9,1,9,September,Friday
2018-01-10 16:46:22,cama_mesa_banho,199.9,1,1,January,Wednesday
2017-11-20 20:12:17,telefonia,15.0,1,11,November,Monday
2017-08-06 12:40:37,telefonia,15.99,1,8,August,Sunday
2017-01-27 11:34:09,consoles_games,223.9,1,1,January,Friday
2017-05-13 11:51:34,moveis_decoracao,189.0,1,5,May,Saturday
2018-04-01 19:51:11,instrumentos_musicais,59.0,1,4,April,Sunday
2018-03-30 06:10:49,relogios_presentes,29.0,1,3,March,Friday
2018-07-31 23:54:20,pet_shop,101.9,1,7,July,Tuesday
2017-11-18 00:01:20,bebes,64.9,1,11,November,Saturday
2017-07-10 23:46:29,esporte_lazer,39.9,1,7,July,Monday
2017-11-15 17:34:37,esporte_lazer,69.9,1,11,November,Wednesday
2018-01-21 16:46:26,moveis_decoracao,295.0,1,1,January,Sunday
2017-12-04 15:07:09,artigos_de_natal,9.32,1,12,December,Monday
2017-09-27 14:59:05,beleza_saude,89.99,1,9,September,Wednesday
2018-04-19 11:27:47,moveis_decoracao,79.99,1,4,April,Thursday
2018-03-22 15:52:37,telefonia,29.99,1,3,March,Thursday
2018-04-18 15:40:36,eletrodomesticos_2,1148.0,1,4,April,Wednesday
2017-10-18 16:53:04,relogios_presentes,65.0,1,10,October,Wednesday
2017-04-23 22:25:12,cama_mesa_banho,93.0,1,4,April,Sunday
2018-03-04 15:45:34,informatica_acessorios,88.0,1,3,March,Sunday
2018-05-28 16:52:57,beleza_saude,760.0,1,5,May,Monday
2018-07-04 20:14:04,relogios_presentes,199.9,1,7,July,Wednesday
2017-08-16 19:06:23,cool_stuff,149.0,1,8,August,Wednesday
2018-05-31 11:50:32,telefonia,17.0,1,5,May,Thursday
2018-07-13 07:19:54,informatica_acessorios,119.99,1,7,July,Friday
2017-11-10 21:26:02,moveis_cozinha_area_de_servico_jantar_e_jardim,109.0,1,11,November,Friday
2018-01-08 14:16:01,pcs,599.0,1,1,January,Monday
2017-09-14 00:28:58,telefonia,25.99,1,9,September,Thursday
2017-12-12 08:58:41,brinquedos,99.9,1,12,December,Tuesday
2018-06-14 09:31:49,beleza_saude,99.99,1,6,June,Thursday
2017-04-21 19:31:13,bebes,59.0,1,4,April,Friday
2018-08-10 11:56:30,informatica_acessorios,139.9,1,8,August,Friday
2017-12-19 17:46:05,automotivo,155.0,1,12,December,Tuesday
2018-04-28 14:16:36,artes,99.99,1,4,April,Saturday
2017-10-04 09:02:18,brinquedos,79.9,1,10,October,Wednesday
2018-03-22 17:47:48,esporte_lazer,45.0,1,3,March,Thursday
2017-09-04 21:37:42,informatica_acessorios,150.0,1,9,September,Monday
2017-10-23 20:24:18,consoles_games,39.9,1,10,October,Monday
2017-05-11 12:10:03,moveis_decoracao,24.75,1,5,May,Thursday
2017-07-16 09:21:47,cool_stuff,198.99,1,7,July,Sunday
2018-03-21 20:21:35,automotivo,124.7,1,3,March,Wednesday
2018-08-28 21:10:46,fashion_bolsas_e_acessorios,59.9,1,8,August,Tuesday
2017-10-13 12:24:20,brinquedos,69.0,1,10,October,Friday
2017-05-04 22:19:32,fashion_bolsas_e_acessorios,59.9,1,5,May,Thursday
2018-05-09 01:38:43,relogios_presentes,118.0,1,5,May,Wednesday
2018-08-09 08:22:11,relogios_presentes,78.0,1,8,August,Thursday
2018-05-28 18:09:57,informatica_acessorios,59.9,1,5,May,Monday
2018-01-10 11:00:02,bebidas,47.49,1,1,January,Wednesday
2018-08-14 09:58:07,automotivo,4.3,1,8,August,Tuesday
2017-01-25 15:12:59,cool_stuff,399.0,1,1,January,Wednesday
2017-03-17 21:50:50,esporte_lazer,52.5,1,3,March,Friday
2017-07-24 20:12:30,moveis_sala,114.97,1,7,July,Monday
2017-11-13 17:12:26,moveis_escritorio,139.94,1,11,November,Monday
2018-01-31 09:21:26,telefonia,19.9,1,1,January,Wednesday
2018-08-19 23:12:41,moveis_decoracao,49.9,1,8,August,Sunday
2017-07-28 12:32:59,relogios_presentes,49.0,1,7,July,Friday
2018-03-10 10:59:25,automotivo,25.3,1,3,March,Saturday
2018-01-28 21:22:11,esporte_lazer,49.9,1,1,January,Sunday
2017-12-15 21:32:23,cama_mesa_banho,24.9,1,12,December,Friday
2018-02-17 15:05:45,consoles_games,79.0,1,2,February,Saturday
2018-03-14 16:33:00,esporte_lazer,59.9,1,3,March,Wednesday
2018-08-14 23:08:33,perfumaria,85.0,1,8,August,Tuesday
2018-03-31 11:48:59,utilidades_domesticas,120.0,1,3,March,Saturday
2018-01-26 14:21:17,casa_construcao,165.9,1,1,January,Friday
2018-01-01 18:56:38,cool_stuff,100.0,1,1,January,Monday
2018-02-22 15:08:29,bebes,47.5,1,2,February,Thursday
2018-03-05 14:31:20,utilidades_domesticas,120.0,1,3,March,Monday
2018-08-17 00:13:24,beleza_saude,50.75,1,8,August,Friday
2018-01-23 18:52:29,utilidades_domesticas,49.9,1,1,January,Tuesday
2018-07-02 19:56:43,utilidades_domesticas,24.9,1,7,July,Monday
2018-01-08 22:16:01,moveis_colchao_e_estofado,75.0,1,1,January,Monday
2018-02-14 16:34:30,construcao_ferramentas_construcao,419.0,1,2,February,Wednesday
2018-03-02 19:18:39,perfumaria,42.9,1,3,March,Friday
2017-02-07 10:05:43,malas_acessorios,55.9,1,2,February,Tuesday
2018-08-23 17:25:48,automotivo,32.99,1,8,August,Thursday
2018-04-23 11:59:33,utilidades_domesticas,23.9,1,4,April,Monday
2017-11-28 18:15:03,informatica_acessorios,19.0,1,11,November,Tuesday
2018-04-21 08:18:07,brinquedos,49.9,1,4,April,Saturday
2018-02-14 18:16:30,climatizacao,25.9,1,2,February,Wednesday
2018-07-27 18:27:18,automotivo,29.49,1,7,July,Friday
2018-03-25 10:35:22,esporte_lazer,115.0,1,3,March,Sunday
2018-02-23 11:53:38,cama_mesa_banho,79.9,1,2,February,Friday
2018-08-01 16:03:30,beleza_saude,99.9,1,8,August,Wednesday
2018-05-06 02:07:13,telefonia,27.99,1,5,May,Sunday
2017-04-23 21:28:27,moveis_decoracao,111.9,1,4,April,Sunday
2018-03-09 20:45:07,beleza_saude,58.99,1,3,March,Friday
2017-02-01 22:59:05,informatica_acessorios,26.9,1,2,February,Wednesday
2017-09-30 13:55:21,bebes,109.9,1,9,September,Saturday
2018-04-17 17:59:38,cama_mesa_banho,184.1,1,4,April,Tuesday
2017-04-06 11:19:58,alimentos,24.99,1,4,April,Thursday
2018-02-27 21:54:48,eletronicos,179.93,1,2,February,Tuesday
2018-06-14 18:06:22,informatica_acessorios,48.9,1,6,June,Thursday
2018-06-07 23:20:41,perfumaria,128.2,1,6,June,Thursday
2018-06-04 13:11:37,informatica_acessorios,119.0,1,6,June,Monday
2017-06-03 17:59:48,fashion_calcados,71.82,1,6,June,Saturday
2018-01-04 16:52:43,bebes,79.9,1,1,January,Thursday
2018-05-18 13:35:18,ferramentas_jardim,53.9,1,5,May,Friday
2018-08-14 13:19:13,pet_shop,195.0,1,8,August,Tuesday
2017-07-26 13:28:41,cama_mesa_banho,13.9,1,7,July,Wednesday
2018-01-03 15:32:26,market_place,27.93,1,1,January,Wednesday
2017-07-15 09:01:46,moveis_decoracao,220.13,1,7,July,Saturday
2017-01-28 19:44:25,moveis_escritorio,119.6,1,1,January,Saturday
2017-12-01 20:48:11,moveis_decoracao,74.9,1,12,December,Friday
2017-10-11 15:21:29,brinquedos,55.5,1,10,October,Wednesday
2018-05-14 17:45:28,informatica_acessorios,79.9,1,5,May,Monday
2018-06-21 18:50:58,construcao_ferramentas_construcao,249.9,1,6,June,Thursday
2018-04-30 07:04:12,relogios_presentes,159.99,1,4,April,Monday
2017-07-30 00:34:47,bebes,50.0,1,7,July,Sunday
2018-06-06 14:17:44,brinquedos,32.9,1,6,June,Wednesday
2017-11-19 18:00:41,papelaria,127.0,1,11,November,Sunday
2017-08-06 12:19:50,audio,49.9,1,8,August,Sunday
2018-01-03 16:27:07,pet_shop,489.0,1,1,January,Wednesday
2017-09-18 15:30:12,cama_mesa_banho,29.99,1,9,September,Monday
2017-11-25 21:45:35,esporte_lazer,189.9,1,11,November,Saturday
2018-06-11 23:17:29,esporte_lazer,109.0,1,6,June,Monday
2017-09-22 18:11:44,beleza_saude,299.0,1,9,September,Friday
2017-07-11 08:57:01,papelaria,79.0,1,7,July,Tuesday
2017-03-02 20:37:08,eletroportateis,129.0,1,3,March,Thursday
2018-01-10 10:31:41,perfumaria,359.0,1,1,January,Wednesday
2018-08-24 14:05:59,informatica_acessorios,84.99,1,8,August,Friday
2018-02-04 22:14:40,perfumaria,53.9,1,2,February,Sunday
2017-10-30 21:22:26,ferramentas_jardim,59.9,1,10,October,Monday
2018-06-28 13:21:15,esporte_lazer,21.0,1,6,June,Thursday
2017-08-09 20:09:55,automotivo,698.98,1,8,August,Wednesday
2018-04-26 17:00:28,cool_stuff,59.9,1,4,April,Thursday
2017-08-25 12:10:41,eletroportateis,50.0,1,8,August,Friday
2017-04-12 22:51:46,beleza_saude,339.99,1,4,April,Wednesday
2017-11-24 13:05:15,esporte_lazer,27.9,1,11,November,Friday
2018-04-30 18:55:19,ferramentas_jardim,53.9,1,4,April,Monday
2018-04-27 22:38:14,moveis_decoracao,69.9,1,4,April,Friday
2018-01-26 20:15:00,eletroportateis,499.0,1,1,January,Friday
2018-05-17 15:47:41,cama_mesa_banho,299.0,1,5,May,Thursday
2018-02-24 09:45:45,beleza_saude,119.9,1,2,February,Saturday
2018-02-12 09:33:06,brinquedos,49.99,1,2,February,Monday
2018-05-09 13:32:18,informatica_acessorios,75.0,1,5,May,Wednesday
2017-03-13 18:44:18,moveis_decoracao,31.5,1,3,March,Monday
2017-11-07 12:17:21,beleza_saude,325.0,1,11,November,Tuesday
2018-04-01 19:47:31,bebes,47.9,1,4,April,Sunday
2017-05-15 09:46:26,perfumaria,179.9,1,5,May,Monday
2018-04-30 12:15:00,beleza_saude,29.0,1,4,April,Monday
2018-06-18 12:51:14,perfumaria,416.5,1,6,June,Monday
2017-08-09 16:18:54,moveis_decoracao,10.99,1,8,August,Wednesday
2018-08-21 23:02:33,utilidades_domesticas,34.9,1,8,August,Tuesday
2018-02-05 20:07:17,automotivo,899.0,1,2,February,Monday
2018-08-17 16:57:15,informatica_acessorios,164.89,1,8,August,Friday
2017-11-24 08:54:06,cama_mesa_banho,64.9,1,11,November,Friday
2018-02-18 20:46:06,eletronicos,79.0,1,2,February,Sunday
2018-08-16 12:00:56,beleza_saude,19.49,1,8,August,Thursday
2018-02-05 10:44:15,pet_shop,119.0,1,2,February,Monday
2018-05-06 10:16:56,bebes,29.99,1,5,May,Sunday
2018-01-25 10:59:44,cool_stuff,49.0,1,1,January,Thursday
2018-03-07 13:24:41,cool_stuff,35.0,1,3,March,Wednesday
2017-11-24 14:38:50,bebes,52.0,1,11,November,Friday
2018-08-23 11:29:01,moveis_escritorio,99.9,1,8,August,Thursday
2017-11-25 13:35:19,cama_mesa_banho,38.5,1,11,November,Saturday
2017-06-29 17:45:24,esporte_lazer,17.55,1,6,June,Thursday
2017-10-31 17:17:33,relogios_presentes,629.0,1,10,October,Tuesday
2017-02-28 22:22:48,esporte_lazer,48.8,1,2,February,Tuesday
2018-06-30 09:31:54,cama_mesa_banho,199.0,1,6,June,Saturday
2018-06-07 13:40:15,beleza_saude,284.0,1,6,June,Thursday
2018-03-04 21:03:07,esporte_lazer,124.9,1,3,March,Sunday
2018-08-21 16:49:10,utilidades_domesticas,32.0,1,8,August,Tuesday
2017-09-23 18:57:21,market_place,130.0,1,9,September,Saturday
2017-09-07 21:32:35,eletrodomesticos_2,419.8,1,9,September,Thursday
2018-02-09 07:04:02,cama_mesa_banho,56.99,1,2,February,Friday
2018-04-06 06:59:43,cama_mesa_banho,68.9,1,4,April,Friday
2018-03-10 10:44:05,relogios_presentes,169.0,1,3,March,Saturday
2017-08-03 14:19:55,beleza_saude,32.39,1,8,August,Thursday
2018-01-28 15:38:58,eletroportateis,104.9,1,1,January,Sunday
2017-12-21 18:53:44,papelaria,189.0,1,12,December,Thursday
2017-11-02 22:14:17,moveis_decoracao,38.4,1,11,November,Thursday
2017-08-20 19:20:05,fashion_bolsas_e_acessorios,190.0,1,8,August,Sunday
2017-05-08 15:15:49,moveis_decoracao,29.9,1,5,May,Monday
2018-05-19 18:40:22,perfumaria,55.7,1,5,May,Saturday
2018-02-15 23:03:45,moveis_decoracao,124.9,1,2,February,Thursday
2018-02-24 23:39:56,esporte_lazer,45.5,1,2,February,Saturday
2018-06-15 13:41:08,moveis_cozinha_area_de_servico_jantar_e_jardim,189.0,1,6,June,Friday
2018-08-04 12:40:43,relogios_presentes,49.0,1,8,August,Saturday
2018-08-17 16:58:09,consoles_games,12.99,1,8,August,Friday
2018-03-06 13:35:01,telefonia,39.99,1,3,March,Tuesday
2018-08-21 17:03:40,moveis_decoracao,113.37,1,8,August,Tuesday
2018-02-19 20:52:08,cama_mesa_banho,55.9,1,2,February,Monday
2018-03-15 14:17:38,beleza_saude,120.0,1,3,March,Thursday
2017-02-08 15:32:23,moveis_escritorio,119.97,1,2,February,Wednesday
2017-11-24 17:38:56,relogios_presentes,34.9,1,11,November,Friday
2018-06-10 19:58:28,cool_stuff,209.99,1,6,June,Sunday
2018-01-07 16:56:57,moveis_decoracao,299.0,1,1,January,Sunday
2018-06-25 11:15:28,bebes,428.0,1,6,June,Monday
2018-01-03 10:05:57,moveis_decoracao,59.9,1,1,January,Wednesday
2018-04-12 14:26:22,informatica_acessorios,119.0,1,4,April,Thursday
2018-04-11 21:26:34,moveis_decoracao,29.99,1,4,April,Wednesday
2017-07-13 09:40:56,bebes,38.97,1,7,July,Thursday
2018-07-24 05:38:46,automotivo,209.9,1,7,July,Tuesday
2017-12-02 12:37:17,relogios_presentes,55.0,1,12,December,Saturday
2017-04-19 17:26:36,climatizacao,138.9,1,4,April,Wednesday
2017-11-11 15:11:29,ferramentas_jardim,1390.0,1,11,November,Saturday
2018-03-02 09:46:35,perfumaria,59.9,1,3,March,Friday
2017-09-11 14:22:05,bebes,15.0,1,9,September,Monday
2017-08-12 09:32:20,perfumaria,56.99,1,8,August,Saturday
2018-03-05 16:48:49,bebes,100.0,1,3,March,Monday
2018-01-11 10:56:15,utilidades_domesticas,119.0,1,1,January,Thursday
2018-01-16 17:03:48,beleza_saude,24.9,1,1,January,Tuesday
2018-07-29 14:00:11,utilidades_domesticas,27.99,1,7,July,Sunday
2018-02-16 19:55:31,relogios_presentes,138.9,1,2,February,Friday
2017-05-15 10:21:07,cama_mesa_banho,118.58,1,5,May,Monday
2018-02-13 23:36:02,beleza_saude,134.2,1,2,February,Tuesday
2018-07-30 20:15:34,informatica_acessorios,135.0,1,7,July,Monday
2017-05-06 10:24:55,esporte_lazer,61.25,1,5,May,Saturday
2017-03-16 19:13:10,fashion_calcados,32.9,1,3,March,Thursday
2017-07-12 15:45:39,telefonia,9.99,1,7,July,Wednesday
2017-12-27 20:49:34,utilidades_domesticas,99.8,1,12,December,Wednesday
2017-11-17 15:33:10,cama_mesa_banho,114.9,1,11,November,Friday
2017-10-04 09:43:36,informatica_acessorios,1399.99,1,10,October,Wednesday
2017-11-16 19:15:06,telefonia,26.9,1,11,November,Thursday
2017-05-19 08:48:02,ferramentas_jardim,126.99,1,5,May,Friday
2018-08-15 21:27:41,esporte_lazer,139.9,1,8,August,Wednesday
2018-06-19 18:59:37,automotivo,59.9,1,6,June,Tuesday
2018-08-12 02:11:20,construcao_ferramentas_construcao,159.0,1,8,August,Sunday
2017-05-23 15:57:16,automotivo,241.1,1,5,May,Tuesday
2018-04-24 16:08:28,bebes,190.0,1,4,April,Tuesday
2018-03-19 18:01:10,informatica_acessorios,51.99,1,3,March,Monday
2018-05-01 19:52:06,perfumaria,89.6,1,5,May,Tuesday
2018-07-22 00:08:01,relogios_presentes,35.0,1,7,July,Sunday
2017-07-24 14:36:16,cama_mesa_banho,96.0,1,7,July,Monday
2018-06-21 14:36:39,informatica_acessorios,89.9,1,6,June,Thursday
2018-01-23 18:48:49,cama_mesa_banho,53.0,1,1,January,Tuesday
2018-02-10 22:24:36,esporte_lazer,69.9,1,2,February,Saturday
2018-07-13 14:40:19,alimentos,93.0,1,7,July,Friday
2018-07-22 23:14:34,relogios_presentes,818.0,1,7,July,Sunday
2017-02-27 11:33:35,moveis_decoracao,49.9,1,2,February,Monday
2018-06-15 15:49:11,artes,99.99,1,6,June,Friday
2018-01-04 14:12:09,cama_mesa_banho,75.5,1,1,January,Thursday
2017-10-30 10:42:06,cama_mesa_banho,99.9,1,10,October,Monday
2018-06-13 12:25:21,relogios_presentes,269.0,1,6,June,Wednesday
2017-10-13 10:22:21,perfumaria,13.99,1,10,October,Friday
2017-05-21 08:06:10,informatica_acessorios,12.88,1,5,May,Sunday
2018-06-13 13:04:17,perfumaria,319.0,1,6,June,Wednesday
2018-02-28 14:55:03,cama_mesa_banho,259.9,1,2,February,Wednesday
2018-01-13 21:27:59,cama_mesa_banho,149.9,1,1,January,Saturday
2018-02-21 15:46:01,informatica_acessorios,53.99,1,2,February,Wednesday
2018-04-15 23:04:24,moveis_decoracao,46.99,1,4,April,Sunday
2017-09-06 21:52:21,beleza_saude,89.99,1,9,September,Wednesday
2018-08-06 20:19:36,construcao_ferramentas_jardim,1349.9,1,8,August,Monday
2018-06-18 10:15:59,cama_mesa_banho,114.9,1,6,June,Monday
2018-08-16 19:05:07,esporte_lazer,16.0,1,8,August,Thursday
2017-11-18 19:49:39,beleza_saude,23.99,1,11,November,Saturday
2017-03-22 13:49:12,cama_mesa_banho,89.9,1,3,March,Wednesday
2018-08-20 17:38:55,cool_stuff,129.9,1,8,August,Monday
2017-04-25 21:57:31,tablets_impressao_imagem,152.99,1,4,April,Tuesday
2018-07-16 18:18:52,papelaria,129.9,1,7,July,Monday
2017-08-07 21:35:22,brinquedos,39.9,1,8,August,Monday
2017-05-24 15:30:18,papelaria,69.9,1,5,May,Wednesday
2017-11-26 05:14:06,esporte_lazer,59.9,1,11,November,Sunday
2017-07-26 19:45:17,instrumentos_musicais,109.9,1,7,July,Wednesday
2018-02-27 21:54:24,cama_mesa_banho,138.0,1,2,February,Tuesday
2018-04-30 14:44:06,informatica_acessorios,119.0,1,4,April,Monday
2018-01-29 14:38:46,cool_stuff,99.99,1,1,January,Monday
2018-02-17 18:21:17,climatizacao,34.9,1,2,February,Saturday
2018-02-26 14:28:39,beleza_saude,45.0,1,2,February,Monday
2018-01-13 10:45:30,telefonia,49.0,1,1,January,Saturday
2018-07-11 01:50:33,pet_shop,19.98,1,7,July,Wednesday
2017-05-24 21:10:57,informatica_acessorios,89.9,1,5,May,Wednesday
2018-06-21 13:34:39,utilidades_domesticas,85.9,1,6,June,Thursday
2017-08-02 17:13:38,cama_mesa_banho,296.9,1,8,August,Wednesday
2018-07-26 02:35:52,relogios_presentes,45.0,1,7,July,Thursday
2018-05-06 10:53:30,beleza_saude,71.9,1,5,May,Sunday
2018-03-05 23:23:04,informatica_acessorios,149.9,1,3,March,Monday
2018-05-07 09:05:04,cama_mesa_banho,89.9,1,5,May,Monday
2017-04-17 10:06:22,eletronicos,48.99,1,4,April,Monday
2017-05-11 14:52:11,tablets_impressao_imagem,889.99,1,5,May,Thursday
2018-01-03 13:24:00,eletronicos,21.9,1,1,January,Wednesday
2018-06-06 14:47:29,informatica_acessorios,34.5,1,6,June,Wednesday
2018-02-26 09:19:13,moveis_decoracao,69.9,1,2,February,Monday
2018-04-25 15:25:21,ferramentas_jardim,55.0,1,4,April,Wednesday
2018-01-08 22:15:07,telefonia,19.9,1,1,January,Monday
2018-04-05 18:59:17,automotivo,109.9,1,4,April,Thursday
2017-10-21 07:36:27,esporte_lazer,64.9,1,10,October,Saturday
2017-03-06 09:44:32,cama_mesa_banho,89.9,1,3,March,Monday
2017-03-27 21:56:21,telefonia,25.0,1,3,March,Monday
2018-05-14 21:13:33,perfumaria,118.0,1,5,May,Monday
2017-08-30 15:31:33,beleza_saude,102.0,1,8,August,Wednesday
2018-01-17 13:13:50,beleza_saude,24.9,1,1,January,Wednesday
2018-01-10 15:27:50,informatica_acessorios,79.89,1,1,January,Wednesday
2018-07-16 12:31:42,bebes,51.45,1,7,July,Monday
2018-02-27 13:26:15,eletrodomesticos_2,220.0,1,2,February,Tuesday
2017-12-05 16:22:07,fashion_bolsas_e_acessorios,49.9,1,12,December,Tuesday
2018-07-31 12:24:44,perfumaria,109.9,1,7,July,Tuesday
2017-09-16 08:51:24,cama_mesa_banho,158.0,1,9,September,Saturday
2017-07-01 04:22:21,cool_stuff,50.0,1,7,July,Saturday
2018-03-14 17:24:47,automotivo,79.9,1,3,March,Wednesday
2018-07-31 14:08:48,informatica_acessorios,65.9,1,7,July,Tuesday
2018-01-02 15:38:56,beleza_saude,139.9,1,1,January,Tuesday
2017-06-16 21:25:14,cool_stuff,62.99,1,6,June,Friday
2017-07-24 06:25:07,beleza_saude,18.19,1,7,July,Monday
2017-09-14 11:57:57,ferramentas_jardim,59.9,1,9,September,Thursday
2018-08-07 17:54:26,automotivo,31.99,1,8,August,Tuesday
2018-05-29 21:09:02,ferramentas_jardim,68.9,1,5,May,Tuesday
2017-11-22 20:34:11,moveis_decoracao,24.9,1,11,November,Wednesday
2018-06-25 21:08:12,moveis_decoracao,69.97,1,6,June,Monday
2017-03-15 05:11:38,moveis_decoracao,34.99,1,3,March,Wednesday
2017-11-14 16:00:13,telefonia,21.99,1,11,November,Tuesday
2018-07-19 09:36:34,relogios_presentes,55.0,1,7,July,Thursday
2017-12-13 07:51:49,cool_stuff,11.99,1,12,December,Wednesday
2018-04-20 10:47:36,utilidades_domesticas,88.0,1,4,April,Friday
2017-10-08 09:48:47,automotivo,299.98,1,10,October,Sunday
2018-08-02 12:05:26,agro_industria_e_comercio,27.5,1,8,August,Thursday
2017-05-12 07:18:05,beleza_saude,165.9,1,5,May,Friday
2017-07-09 11:27:14,moveis_sala,49.9,1,7,July,Sunday
2018-01-28 18:04:28,informatica_acessorios,79.43,1,1,January,Sunday
2018-01-11 10:03:39,relogios_presentes,108.0,1,1,January,Thursday
2017-07-07 14:43:06,informatica_acessorios,49.9,1,7,July,Friday
2017-07-07 14:20:36,brinquedos,44.9,1,7,July,Friday
2017-01-30 10:12:59,telefonia,19.9,1,1,January,Monday
2017-12-18 14:29:33,esporte_lazer,225.5,1,12,December,Monday
2017-12-22 12:59:18,informatica_acessorios,63.0,1,12,December,Friday
2018-04-15 13:02:02,bebes,149.9,1,4,April,Sunday
2017-06-03 18:27:30,casa_conforto,76.9,1,6,June,Saturday
2017-07-13 22:29:41,moveis_escritorio,209.99,1,7,July,Thursday
2017-02-16 14:22:25,moveis_decoracao,44.9,1,2,February,Thursday
2017-05-26 00:43:27,brinquedos,149.0,1,5,May,Friday
2018-04-27 22:33:40,fashion_bolsas_e_acessorios,66.9,1,4,April,Friday
2018-05-11 22:03:03,livros_interesse_geral,15.0,1,5,May,Friday
2018-04-25 01:19:54,relogios_presentes,123.0,1,4,April,Wednesday
2018-06-22 15:56:33,moveis_escritorio,179.94,1,6,June,Friday
2017-02-07 21:17:45,telefonia,19.9,1,2,February,Tuesday
2018-07-29 20:26:54,moveis_decoracao,39.99,1,7,July,Sunday
2017-11-24 21:19:51,bebes,39.5,1,11,November,Friday
2017-11-19 17:30:55,telefonia,17.99,1,11,November,Sunday
2018-03-22 12:34:19,malas_acessorios,67.9,1,3,March,Thursday
2018-06-23 11:42:18,eletronicos,11.6,1,6,June,Saturday
2018-07-17 23:49:21,beleza_saude,160.0,1,7,July,Tuesday
2017-12-15 17:19:15,ferramentas_jardim,59.0,1,12,December,Friday
2017-06-26 10:15:09,esporte_lazer,115.0,1,6,June,Monday
2018-02-28 02:46:13,consoles_games,24.9,1,2,February,Wednesday
2017-07-18 09:30:46,beleza_saude,19.9,1,7,July,Tuesday
2017-03-26 21:29:35,informatica_acessorios,250.0,1,3,March,Sunday
2017-10-02 09:44:31,moveis_escritorio,199.99,1,10,October,Monday
2018-05-13 02:01:30,utilidades_domesticas,49.99,1,5,May,Sunday
2018-03-03 09:19:16,cama_mesa_banho,64.9,1,3,March,Saturday
2018-04-26 17:19:33,automotivo,59.9,1,4,April,Thursday
2018-07-05 21:00:51,ferramentas_jardim,49.9,1,7,July,Thursday
2018-03-18 21:13:46,brinquedos,35.9,1,3,March,Sunday
2017-07-12 14:27:33,esporte_lazer,209.0,1,7,July,Wednesday
2018-03-10 11:37:07,perfumaria,259.89,1,3,March,Saturday
2018-02-14 15:13:06,bebes,74.5,1,2,February,Wednesday
2018-05-03 11:45:49,papelaria,81.0,1,5,May,Thursday
2017-06-06 22:27:33,cama_mesa_banho,65.9,1,6,June,Tuesday
2018-01-30 15:28:21,moveis_escritorio,79.99,1,1,January,Tuesday
2018-02-23 13:12:17,informatica_acessorios,72.9,1,2,February,Friday
2018-08-17 16:53:17,eletrodomesticos,37.19,1,8,August,Friday
2017-10-22 12:06:05,relogios_presentes,65.0,1,10,October,Sunday
2018-04-05 15:34:33,cool_stuff,383.9,1,4,April,Thursday
2018-03-26 12:35:07,automotivo,25.3,1,3,March,Monday
2018-03-07 22:26:43,eletrodomesticos,69.9,1,3,March,Wednesday
2018-05-15 12:47:31,utilidades_domesticas,49.99,1,5,May,Tuesday
2017-11-14 03:16:49,cama_mesa_banho,38.99,1,11,November,Tuesday
2018-04-13 10:58:46,malas_acessorios,109.0,1,4,April,Friday
2018-05-14 09:11:00,relogios_presentes,96.0,1,5,May,Monday
2017-03-03 19:34:38,cool_stuff,59.9,1,3,March,Friday
2017-09-30 13:46:30,consoles_games,19.9,1,9,September,Saturday
2018-08-14 14:14:44,cama_mesa_banho,39.99,1,8,August,Tuesday
2017-11-29 12:53:30,cama_mesa_banho,59.9,1,11,November,Wednesday
2018-08-22 23:21:20,consoles_games,79.0,1,8,August,Wednesday
2018-04-04 10:56:06,moveis_decoracao,75.0,1,4,April,Wednesday
2018-05-09 13:01:39,esporte_lazer,109.99,1,5,May,Wednesday
2018-07-26 21:55:17,beleza_saude,28.99,1,7,July,Thursday
2018-07-19 11:29:25,papelaria,58.0,1,7,July,Thursday
2018-06-12 08:19:14,cama_mesa_banho,91.3,1,6,June,Tuesday
2018-06-23 10:30:35,beleza_saude,14.49,1,6,June,Saturday
2017-01-17 14:50:19,perfumaria,44.9,1,1,January,Tuesday
2018-03-12 10:07:06,informatica_acessorios,126.12,1,3,March,Monday
2017-04-11 13:00:12,cama_mesa_banho,52.0,1,4,April,Tuesday
2018-05-10 16:38:55,moveis_decoracao,35.0,1,5,May,Thursday
2018-03-23 12:43:39,fashion_bolsas_e_acessorios,49.0,1,3,March,Friday
2017-02-05 17:01:06,telefonia,131.99,1,2,February,Sunday
2018-06-18 18:11:24,informatica_acessorios,22.32,1,6,June,Monday
2018-07-16 18:50:38,ferramentas_jardim,97.6,1,7,July,Monday
2018-06-25 01:48:17,informatica_acessorios,19.9,1,6,June,Monday
2018-01-29 21:35:35,esporte_lazer,169.9,1,1,January,Monday
2017-05-14 11:05:08,beleza_saude,81.56,1,5,May,Sunday
2018-05-04 00:13:40,relogios_presentes,187.0,1,5,May,Friday
2018-07-27 14:58:55,moveis_quarto,95.0,1,7,July,Friday
2018-05-10 22:39:19,utilidades_domesticas,72.0,1,5,May,Thursday
2018-03-23 16:00:33,beleza_saude,379.9,1,3,March,Friday
2018-07-09 12:01:32,beleza_saude,59.99,1,7,July,Monday
2017-12-11 21:11:11,ferramentas_jardim,59.0,1,12,December,Monday
2017-10-22 13:39:48,cama_mesa_banho,114.9,1,10,October,Sunday
2018-04-25 11:43:29,artes,48.9,1,4,April,Wednesday
2017-12-15 16:03:07,ferramentas_jardim,59.0,1,12,December,Friday
2018-02-10 10:13:00,eletrodomesticos,130.0,1,2,February,Saturday
2018-04-11 22:32:31,informatica_acessorios,98.44,1,4,April,Wednesday
2018-01-16 14:09:50,moveis_decoracao,59.9,1,1,January,Tuesday
2017-12-07 02:07:42,bebes,109.9,1,12,December,Thursday
2018-07-21 18:51:27,perfumaria,118.7,1,7,July,Saturday
2018-03-08 19:53:10,beleza_saude,47.65,1,3,March,Thursday
2017-08-17 09:47:42,ferramentas_jardim,59.9,1,8,August,Thursday
2017-09-26 22:47:22,cool_stuff,25.0,1,9,September,Tuesday
2018-05-23 11:35:11,cama_mesa_banho,105.99,1,5,May,Wednesday
2017-01-25 16:57:30,casa_conforto_2,59.9,1,1,January,Wednesday
2017-11-25 14:04:11,ferramentas_jardim,49.0,1,11,November,Saturday
2017-11-24 17:05:16,relogios_presentes,170.0,1,11,November,Friday
2018-08-23 10:47:14,utilidades_domesticas,58.9,1,8,August,Thursday
2018-08-19 22:00:12,beleza_saude,14.49,1,8,August,Sunday
2017-11-08 18:19:54,eletronicos,113.0,1,11,November,Wednesday
2017-07-14 17:10:12,cama_mesa_banho,205.0,1,7,July,Friday
2017-03-06 15:44:08,pet_shop,74.5,1,3,March,Monday
2017-07-18 13:09:28,fashion_bolsas_e_acessorios,49.9,1,7,July,Tuesday
2018-03-20 22:20:31,moveis_decoracao,35.0,1,3,March,Tuesday
2017-11-06 11:29:00,automotivo,45.0,1,11,November,Monday
2018-03-01 21:51:35,informatica_acessorios,149.0,1,3,March,Thursday
2018-04-07 14:56:02,utilidades_domesticas,22.99,1,4,April,Saturday
2018-06-03 10:38:07,utilidades_domesticas,38.0,1,6,June,Sunday
2017-10-11 22:25:23,bebes,51.87,1,10,October,Wednesday
2017-09-16 15:28:46,beleza_saude,129.0,1,9,September,Saturday
2017-02-02 20:04:43,tablets_impressao_imagem,99.0,1,2,February,Thursday
2018-03-25 23:19:51,beleza_saude,30.0,1,3,March,Sunday
2018-04-25 10:17:49,construcao_ferramentas_jardim,129.89,1,4,April,Wednesday
2018-07-03 14:16:56,perfumaria,7.0,1,7,July,Tuesday
2018-04-10 18:45:08,construcao_ferramentas_ferramentas,15.8,1,4,April,Tuesday
2018-08-08 01:17:42,papelaria,29.0,1,8,August,Wednesday
2017-10-30 17:56:14,cama_mesa_banho,129.98,1,10,October,Monday
2018-05-03 16:31:02,beleza_saude,56.9,1,5,May,Thursday
2018-04-16 20:41:12,brinquedos,89.99,1,4,April,Monday
2017-07-06 14:49:01,cama_mesa_banho,124.67,1,7,July,Thursday
2017-07-26 07:54:12,brinquedos,69.9,1,7,July,Wednesday
2017-06-23 11:56:55,automotivo,24.9,1,6,June,Friday
2018-05-16 23:19:51,moveis_decoracao,99.0,1,5,May,Wednesday
2018-02-09 16:52:36,telefonia_fixa,90.0,1,2,February,Friday
2018-02-20 20:03:50,perfumaria,53.99,1,2,February,Tuesday
2017-09-12 08:42:27,cama_mesa_banho,54.9,1,9,September,Tuesday
2017-01-25 17:35:24,moveis_decoracao,45.89,1,1,January,Wednesday
2017-11-09 23:01:02,relogios_presentes,39.0,1,11,November,Thursday
2017-12-17 19:36:19,informatica_acessorios,71.8,1,12,December,Sunday
2017-11-11 14:47:09,eletroportateis,388.5,1,11,November,Saturday
2017-11-26 23:20:57,brinquedos,159.99,1,11,November,Sunday
2017-09-29 17:09:07,cama_mesa_banho,56.99,1,9,September,Friday
2018-04-28 19:23:30,cama_mesa_banho,29.99,1,4,April,Saturday
2018-07-10 11:36:10,telefonia,29.99,1,7,July,Tuesday
2017-03-16 21:46:51,perfumaria,8.9,1,3,March,Thursday
2018-07-29 18:32:14,relogios_presentes,149.8,1,7,July,Sunday
2018-06-18 20:53:32,beleza_saude,35.0,1,6,June,Monday
2018-01-23 15:04:18,audio,19.9,1,1,January,Tuesday
2017-10-22 01:00:13,consoles_games,19.9,1,10,October,Sunday
2018-03-02 17:01:58,esporte_lazer,19.9,1,3,March,Friday
2018-02-23 12:54:27,moveis_decoracao,99.9,1,2,February,Friday
2018-03-08 11:19:29,cama_mesa_banho,199.0,1,3,March,Thursday
2017-12-04 21:11:15,moveis_decoracao,46.0,1,12,December,Monday
2017-05-01 14:02:17,moveis_decoracao,43.9,1,5,May,Monday
2017-08-12 20:55:37,fashion_underwear_e_moda_praia,110.0,1,8,August,Saturday
2017-05-28 20:38:09,cama_mesa_banho,199.9,1,5,May,Sunday
2018-06-15 15:52:06,beleza_saude,199.9,1,6,June,Friday
2018-06-21 17:10:24,construcao_ferramentas_construcao,226.9,1,6,June,Thursday
2017-12-20 21:11:47,beleza_saude,19.9,1,12,December,Wednesday
2018-01-20 20:18:18,brinquedos,119.9,1,1,January,Saturday
2018-01-24 00:56:44,moveis_decoracao,295.0,1,1,January,Wednesday
2018-08-13 13:56:42,cool_stuff,43.75,1,8,August,Monday
2017-10-12 23:11:44,esporte_lazer,72.0,1,10,October,Thursday
2017-09-10 09:14:32,audio,79.0,1,9,September,Sunday
2017-04-18 03:01:38,market_place,189.9,1,4,April,Tuesday
2018-05-31 15:39:15,relogios_presentes,124.9,1,5,May,Thursday
2017-08-01 23:35:06,beleza_saude,19.99,1,8,August,Tuesday
2018-03-28 00:34:21,moveis_decoracao,169.0,1,3,March,Wednesday
2017-04-21 14:05:09,moveis_decoracao,24.9,1,4,April,Friday
2018-05-30 00:26:40,eletronicos,24.99,1,5,May,Wednesday
2018-01-16 14:19:53,papelaria,49.9,1,1,January,Tuesday
2018-01-25 23:13:41,esporte_lazer,38.2,1,1,January,Thursday
2018-08-12 19:42:43,moveis_decoracao,44.99,1,8,August,Sunday
2018-04-17 21:27:24,telefonia,24.99,1,4,April,Tuesday
2017-03-14 22:44:28,eletroportateis,1589.0,1,3,March,Tuesday
2017-06-02 21:52:47,beleza_saude,37.9,1,6,June,Friday
2018-06-10 19:45:23,utilidades_domesticas,23.9,1,6,June,Sunday
2017-12-01 07:15:07,cama_mesa_banho,19.9,1,12,December,Friday
2017-01-27 12:10:46,moveis_decoracao,79.9,1,1,January,Friday
2018-08-08 19:19:54,cool_stuff,129.9,1,8,August,Wednesday
2018-07-29 19:35:16,construcao_ferramentas_construcao,45.97,1,7,July,Sunday
2018-07-25 06:56:57,construcao_ferramentas_construcao,109.9,1,7,July,Wednesday
2017-05-02 22:12:26,utilidades_domesticas,16.99,1,5,May,Tuesday
2017-12-06 18:00:29,beleza_saude,23.99,1,12,December,Wednesday
2017-07-25 15:26:00,esporte_lazer,72.9,1,7,July,Tuesday
2018-05-28 20:34:13,cama_mesa_banho,39.9,1,5,May,Monday
2018-03-27 09:21:48,informatica_acessorios,498.0,1,3,March,Tuesday
2018-05-18 13:05:34,automotivo,20.4,1,5,May,Friday
2017-10-29 15:23:08,beleza_saude,89.9,1,10,October,Sunday
2018-05-01 10:23:41,cama_mesa_banho,79.9,1,5,May,Tuesday
2017-06-09 12:00:12,telefonia,39.9,1,6,June,Friday
2018-06-27 16:40:01,beleza_saude,110.32,1,6,June,Wednesday
2018-08-07 21:34:23,artigos_de_natal,19.83,1,8,August,Tuesday
2018-07-03 17:50:54,moveis_decoracao,150.0,1,7,July,Tuesday
2017-01-26 12:49:54,ferramentas_jardim,129.99,1,1,January,Thursday
2018-05-17 02:28:51,alimentos_bebidas,21.0,1,5,May,Thursday
2017-12-06 11:06:52,moveis_decoracao,75.0,1,12,December,Wednesday
2018-08-05 19:32:36,market_place,106.99,1,8,August,Sunday
2018-01-25 13:11:59,cama_mesa_banho,86.9,1,1,January,Thursday
2018-08-12 22:52:59,perfumaria,116.9,1,8,August,Sunday
2018-08-17 14:36:33,cool_stuff,89.9,1,8,August,Friday
2018-01-18 22:54:15,utilidades_domesticas,74.9,1,1,January,Thursday
2017-08-22 13:05:39,moveis_decoracao,51.92,1,8,August,Tuesday
2017-11-20 10:59:16,cama_mesa_banho,60.0,1,11,November,Monday
2017-05-17 15:48:44,telefonia_fixa,39.0,1,5,May,Wednesday
2017-07-27 13:19:29,beleza_saude,116.9,1,7,July,Thursday
2017-04-20 20:42:44,cama_mesa_banho,38.5,1,4,April,Thursday
2017-12-23 19:22:18,utilidades_domesticas,4.4,1,12,December,Saturday
2017-05-03 21:07:12,eletroportateis,360.0,1,5,May,Wednesday
2017-10-24 14:23:58,informatica_acessorios,175.0,1,10,October,Tuesday
2017-07-07 09:16:02,cama_mesa_banho,89.9,1,7,July,Friday
2018-07-11 17:17:37,perfumaria,44.99,1,7,July,Wednesday
2017-05-24 16:09:42,cool_stuff,99.99,1,5,May,Wednesday
2017-10-26 10:54:50,cama_mesa_banho,45.9,1,10,October,Thursday
2018-04-23 07:28:21,cama_mesa_banho,199.9,1,4,April,Monday
2018-08-08 15:03:15,utilidades_domesticas,25.0,1,8,August,Wednesday
2018-05-03 16:05:40,relogios_presentes,99.9,1,5,May,Thursday
2018-01-08 11:22:34,moveis_decoracao,99.9,1,1,January,Monday
2018-07-23 16:39:54,beleza_saude,7.5,1,7,July,Monday
2017-10-05 15:37:40,automotivo,19.9,1,10,October,Thursday
2018-01-11 21:04:26,cama_mesa_banho,159.9,1,1,January,Thursday
2017-03-18 12:17:37,brinquedos,104.99,1,3,March,Saturday
2017-10-05 16:54:23,ferramentas_jardim,59.9,1,10,October,Thursday
2018-02-01 18:53:40,informatica_acessorios,34.99,1,2,February,Thursday
2017-03-07 13:38:52,casa_construcao,15.18,1,3,March,Tuesday
2017-09-28 12:34:28,automotivo,143.8,1,9,September,Thursday
2017-11-05 15:17:00,pet_shop,598.0,1,11,November,Sunday
2017-09-01 00:13:26,telefonia,174.0,1,9,September,Friday
2017-08-14 12:18:40,utilidades_domesticas,29.9,1,8,August,Monday
2018-04-09 10:20:40,eletronicos,12.25,1,4,April,Monday
2017-11-24 17:14:32,beleza_saude,84.99,1,11,November,Friday
2018-04-14 12:19:21,cama_mesa_banho,55.0,1,4,April,Saturday
2017-08-04 21:44:43,consoles_games,355.9,1,8,August,Friday
2017-08-21 20:35:44,esporte_lazer,106.2,1,8,August,Monday
2017-08-19 20:25:59,moveis_decoracao,59.9,1,8,August,Saturday
2017-05-31 22:48:44,papelaria,69.0,1,5,May,Wednesday
2018-01-12 17:06:53,industria_comercio_e_negocios,44.9,1,1,January,Friday
2017-08-14 13:21:46,cama_mesa_banho,28.38,1,8,August,Monday
2018-08-21 10:50:17,construcao_ferramentas_ferramentas,90.0,1,8,August,Tuesday
2017-07-11 18:39:09,fashion_calcados,71.82,1,7,July,Tuesday
2018-05-18 15:33:46,consoles_games,45.99,1,5,May,Friday
2018-03-21 12:48:40,informatica_acessorios,40.5,1,3,March,Wednesday
2017-12-27 16:06:36,instrumentos_musicais,67.9,1,12,December,Wednesday
2017-12-06 23:15:45,casa_construcao,67.0,1,12,December,Wednesday
2018-01-07 16:49:57,bebes,109.9,1,1,January,Sunday
2017-07-16 10:46:54,esporte_lazer,196.99,1,7,July,Sunday
2017-12-31 01:31:16,eletronicos,18.9,1,12,December,Sunday
2017-05-11 19:51:22,cama_mesa_banho,22.9,1,5,May,Thursday
2016-10-04 19:41:52,consoles_games,949.99,1,10,October,Tuesday
2017-05-29 09:58:04,cama_mesa_banho,34.9,1,5,May,Monday
2017-09-23 10:41:51,esporte_lazer,25.9,1,9,September,Saturday
2018-05-02 20:04:02,bebes,47.9,1,5,May,Wednesday
2017-07-20 14:56:52,utilidades_domesticas,149.9,1,7,July,Thursday
2018-08-10 07:31:31,esporte_lazer,296.89,1,8,August,Friday
2018-06-07 15:52:19,construcao_ferramentas_iluminacao,46.0,1,6,June,Thursday
2018-05-14 13:39:50,cool_stuff,28.9,1,5,May,Monday
2018-03-11 22:56:57,informatica_acessorios,32.0,1,3,March,Sunday
2018-02-09 15:09:49,bebes,22.99,1,2,February,Friday
2018-01-28 08:46:35,industria_comercio_e_negocios,187.9,1,1,January,Sunday
2018-08-20 10:18:24,brinquedos,36.82,1,8,August,Monday
2018-04-26 08:51:41,utilidades_domesticas,120.0,1,4,April,Thursday
2018-08-08 14:24:24,telefonia,170.0,1,8,August,Wednesday
2018-02-17 09:17:56,climatizacao,199.0,1,2,February,Saturday
2018-06-17 16:11:42,cama_mesa_banho,15.9,1,6,June,Sunday
2018-02-23 07:23:09,fraldas_higiene,25.0,1,2,February,Friday
2018-01-26 17:42:08,esporte_lazer,165.0,1,1,January,Friday
2017-05-11 11:47:42,brinquedos,129.9,1,5,May,Thursday
2017-06-13 22:33:24,beleza_saude,99.0,1,6,June,Tuesday
2018-08-05 20:01:03,casa_construcao,39.95,1,8,August,Sunday
2018-02-07 19:01:48,moveis_escritorio,116.99,1,2,February,Wednesday
2018-07-03 16:51:33,consoles_games,69.9,1,7,July,Tuesday
2018-01-30 19:01:59,casa_conforto,159.99,1,1,January,Tuesday
2018-05-15 15:15:25,pet_shop,34.26,1,5,May,Tuesday
2018-04-10 15:24:04,beleza_saude,114.99,1,4,April,Tuesday
2018-06-29 17:25:43,pet_shop,109.99,1,6,June,Friday
2017-11-03 09:55:35,ferramentas_jardim,155.99,1,11,November,Friday
2018-07-17 17:09:10,cama_mesa_banho,109.9,1,7,July,Tuesday
2018-01-24 11:34:34,eletrodomesticos_2,37.9,1,1,January,Wednesday
2017-12-05 10:19:57,moveis_decoracao,24.75,1,12,December,Tuesday
2017-09-22 17:15:55,bebes,58.9,1,9,September,Friday
2017-12-15 12:13:21,automotivo,16.9,1,12,December,Friday
2018-04-12 08:15:45,beleza_saude,299.9,1,4,April,Thursday
2017-01-31 15:56:56,informatica_acessorios,51.9,1,1,January,Tuesday
2018-07-03 18:09:03,beleza_saude,66.99,1,7,July,Tuesday
2017-06-23 17:36:41,informatica_acessorios,49.9,1,6,June,Friday
2017-07-27 23:06:39,moveis_quarto,129.0,1,7,July,Thursday
2017-07-18 20:59:45,ferramentas_jardim,59.9,1,7,July,Tuesday
2018-01-29 22:58:27,esporte_lazer,129.9,1,1,January,Monday
2017-05-01 21:14:31,livros_interesse_geral,45.0,1,5,May,Monday
2018-08-04 17:45:51,bebes,134.9,1,8,August,Saturday
2018-01-15 13:54:27,relogios_presentes,200.0,1,1,January,Monday
2018-03-08 15:38:53,eletronicos,15.0,1,3,March,Thursday
2017-06-02 15:35:29,perfumaria,178.5,1,6,June,Friday
2017-12-18 21:45:10,relogios_presentes,119.0,1,12,December,Monday
2017-11-25 13:31:25,ferramentas_jardim,49.0,1,11,November,Saturday
2017-07-28 14:56:02,telefonia,49.99,1,7,July,Friday
2018-01-15 09:52:28,esporte_lazer,21.05,1,1,January,Monday
2017-09-18 10:42:04,relogios_presentes,55.0,1,9,September,Monday
2018-07-26 14:26:07,informatica_acessorios,15.0,1,7,July,Thursday
2018-05-21 15:15:27,moveis_decoracao,35.0,1,5,May,Monday
2018-04-19 08:57:33,cama_mesa_banho,79.99,1,4,April,Thursday
2017-09-26 12:02:18,beleza_saude,45.04,1,9,September,Tuesday
2017-08-21 23:04:23,climatizacao,794.98,1,8,August,Monday
2017-12-02 15:16:36,construcao_ferramentas_construcao,289.0,1,12,December,Saturday
2018-03-23 12:20:41,beleza_saude,31.99,1,3,March,Friday
2017-06-17 15:26:32,esporte_lazer,390.0,1,6,June,Saturday
2017-12-14 20:38:16,brinquedos,38.25,1,12,December,Thursday
2018-02-28 00:38:04,utilidades_domesticas,35.0,1,2,February,Wednesday
2017-12-11 18:21:52,informatica_acessorios,154.88,1,12,December,Monday
2017-05-29 15:47:51,pet_shop,89.15,1,5,May,Monday
2018-03-30 10:35:24,perfumaria,13.99,1,3,March,Friday
2018-01-03 11:53:11,bebes,59.99,1,1,January,Wednesday
2017-12-26 12:52:21,telefonia,27.99,1,12,December,Tuesday
2018-01-21 19:44:46,esporte_lazer,1599.0,1,1,January,Sunday
2018-04-26 22:47:07,relogios_presentes,145.9,1,4,April,Thursday
2017-11-03 15:52:40,beleza_saude,23.99,1,11,November,Friday
2018-03-27 22:07:19,esporte_lazer,22.5,1,3,March,Tuesday
2017-05-19 22:35:01,brinquedos,279.99,1,5,May,Friday
2017-03-26 16:14:02,fashion_roupa_masculina,38.5,1,3,March,Sunday
2018-05-23 08:22:02,fashion_bolsas_e_acessorios,49.9,1,5,May,Wednesday
2017-03-24 06:12:05,cama_mesa_banho,12.9,1,3,March,Friday
2018-03-02 13:20:21,relogios_presentes,84.99,1,3,March,Friday
2018-06-04 13:27:54,pet_shop,154.89,1,6,June,Monday
2018-04-18 13:37:54,casa_construcao,827.99,1,4,April,Wednesday
2018-07-29 18:24:11,moveis_decoracao,64.9,1,7,July,Sunday
2017-05-09 14:58:25,relogios_presentes,26.69,1,5,May,Tuesday
2018-07-08 14:18:22,cama_mesa_banho,159.9,1,7,July,Sunday
2018-07-11 00:13:33,automotivo,69.99,1,7,July,Wednesday
2017-10-26 13:20:26,moveis_decoracao,38.4,1,10,October,Thursday
2017-06-27 22:53:43,market_place,62.8,1,6,June,Tuesday
2018-02-01 09:48:31,cama_mesa_banho,66.9,1,2,February,Thursday
2018-04-20 14:45:57,esporte_lazer,28.99,1,4,April,Friday
2017-03-15 08:08:39,utilidades_domesticas,59.9,1,3,March,Wednesday
2018-01-19 18:07:37,utilidades_domesticas,27.9,1,1,January,Friday
2018-04-11 17:51:02,papelaria,11.99,1,4,April,Wednesday
2018-08-09 11:31:06,esporte_lazer,99.9,1,8,August,Thursday
2018-08-19 14:22:30,utilidades_domesticas,25.9,1,8,August,Sunday
2017-12-12 16:07:26,moveis_decoracao,75.0,1,12,December,Tuesday
2017-09-13 22:20:55,utilidades_domesticas,30.0,1,9,September,Wednesday
2017-07-31 08:43:17,telefonia,59.9,1,7,July,Monday
2017-12-13 10:27:19,brinquedos,99.99,1,12,December,Wednesday
2017-07-01 20:25:32,moveis_decoracao,59.9,1,7,July,Saturday
2018-02-04 13:21:23,eletronicos,14.6,1,2,February,Sunday
2018-03-23 20:49:57,relogios_presentes,39.0,1,3,March,Friday
2018-06-02 21:20:20,telefonia,22.99,1,6,June,Saturday
2017-04-17 11:43:12,ferramentas_jardim,59.9,1,4,April,Monday
2017-05-31 21:45:32,cama_mesa_banho,27.9,1,5,May,Wednesday
2017-09-27 14:43:47,bebes,159.99,1,9,September,Wednesday
2017-10-09 13:40:14,perfumaria,56.99,1,10,October,Monday
2018-04-04 17:20:08,automotivo,19.0,1,4,April,Wednesday
2018-01-30 21:30:05,beleza_saude,42.9,1,1,January,Tuesday
2018-04-25 10:52:10,fashion_bolsas_e_acessorios,59.99,1,4,April,Wednesday
2018-04-01 17:15:00,utilidades_domesticas,75.0,1,4,April,Sunday
2018-01-04 20:38:39,papelaria,210.0,1,1,January,Thursday
2017-10-31 07:42:00,beleza_saude,18.49,1,10,October,Tuesday
2017-06-16 21:56:17,cool_stuff,43.99,1,6,June,Friday
2017-03-01 10:28:55,esporte_lazer,22.5,1,3,March,Wednesday
2018-06-18 17:21:05,moveis_escritorio,389.9,1,6,June,Monday
2017-07-21 01:37:07,moveis_escritorio,99.99,1,7,July,Friday
2017-07-26 16:25:43,perfumaria,117.47,1,7,July,Wednesday
2018-07-15 10:23:52,eletronicos,16.9,1,7,July,Sunday
2017-12-26 14:08:32,informatica_acessorios,53.99,1,12,December,Tuesday
2018-04-14 16:53:48,cama_mesa_banho,55.0,1,4,April,Saturday
2018-05-28 19:57:44,moveis_decoracao,75.0,1,5,May,Monday
2017-11-23 13:35:20,relogios_presentes,170.0,1,11,November,Thursday
2018-03-17 15:21:41,perfumaria,43.9,1,3,March,Saturday
2017-06-15 14:39:43,moveis_decoracao,97.47,1,6,June,Thursday
2017-05-02 16:36:02,cama_mesa_banho,109.99,1,5,May,Tuesday
2017-10-03 00:25:47,esporte_lazer,59.99,1,10,October,Tuesday
2018-07-04 12:28:32,brinquedos,105.4,1,7,July,Wednesday
2018-03-20 19:02:23,moveis_decoracao,59.9,1,3,March,Tuesday
2018-07-28 13:20:44,moveis_cozinha_area_de_servico_jantar_e_jardim,139.0,1,7,July,Saturday
2018-04-21 14:30:01,brinquedos,195.0,1,4,April,Saturday
2017-10-14 12:32:29,utilidades_domesticas,32.9,1,10,October,Saturday
2017-11-24 00:26:01,relogios_presentes,29.0,1,11,November,Friday
2017-11-06 11:33:43,perfumaria,56.99,1,11,November,Monday
2017-07-15 18:54:14,beleza_saude,8.9,1,7,July,Saturday
2018-07-31 12:54:10,bebes,49.9,1,7,July,Tuesday
2018-02-22 23:19:01,papelaria,59.0,1,2,February,Thursday
2018-07-27 16:31:12,utilidades_domesticas,399.99,1,7,July,Friday
2017-10-31 09:45:46,relogios_presentes,29.0,1,10,October,Tuesday
2018-01-13 10:51:25,eletronicos,19.9,1,1,January,Saturday
2017-07-01 19:23:04,informatica_acessorios,139.99,1,7,July,Saturday
2017-12-07 20:46:58,alimentos_bebidas,43.6,1,12,December,Thursday
2018-06-20 18:47:35,telefonia,855.0,1,6,June,Wednesday
2017-06-19 16:58:00,papelaria,69.0,1,6,June,Monday
2018-07-03 13:39:25,papelaria,109.0,1,7,July,Tuesday
2017-10-17 21:33:51,moveis_decoracao,250.0,1,10,October,Tuesday
2018-07-18 17:21:49,casa_conforto,230.0,1,7,July,Wednesday
2018-08-14 16:03:12,cool_stuff,712.3,1,8,August,Tuesday
2018-05-11 18:34:36,beleza_saude,166.0,1,5,May,Friday
2018-04-27 08:52:11,beleza_saude,220.0,1,4,April,Friday
2017-11-29 13:03:33,cool_stuff,65.99,1,11,November,Wednesday
2018-05-13 15:34:25,pet_shop,94.9,1,5,May,Sunday
2018-01-26 10:29:12,automotivo,100.0,1,1,January,Friday
2018-08-20 08:11:26,brinquedos,40.71,1,8,August,Monday
2017-10-31 22:19:42,moveis_decoracao,45.9,1,10,October,Tuesday
2018-08-01 11:11:04,eletronicos,379.0,1,8,August,Wednesday
2017-11-24 15:41:03,cama_mesa_banho,15.9,1,11,November,Friday
2017-05-15 21:07:48,pet_shop,68.8,1,5,May,Monday
2017-11-21 15:55:40,utilidades_domesticas,12.99,1,11,November,Tuesday
2018-02-20 11:24:49,cool_stuff,239.99,1,2,February,Tuesday
2018-04-12 17:23:10,utilidades_domesticas,141.57,1,4,April,Thursday
2017-11-27 19:23:26,bebes,109.9,1,11,November,Monday
2016-10-06 09:07:52,informatica_acessorios,20.9,1,10,October,Thursday
2018-08-03 18:56:20,moveis_decoracao,39.9,1,8,August,Friday
2018-05-01 15:28:31,flores,16.4,1,5,May,Tuesday
2017-09-12 17:49:58,ferramentas_jardim,59.9,1,9,September,Tuesday
2017-02-24 20:40:44,ferramentas_jardim,39.9,1,2,February,Friday
2018-07-29 20:19:14,moveis_decoracao,165.9,1,7,July,Sunday
2017-12-02 19:30:50,informatica_acessorios,109.9,1,12,December,Saturday
2018-01-03 19:56:30,esporte_lazer,91.5,1,1,January,Wednesday
2017-10-07 10:38:35,automotivo,179.49,1,10,October,Saturday
2017-09-02 03:39:38,beleza_saude,23.99,1,9,September,Saturday
2018-03-16 06:43:38,perfumaria,79.99,1,3,March,Friday
2017-06-15 22:39:08,perfumaria,84.99,1,6,June,Thursday
2017-10-02 15:38:54,relogios_presentes,88.0,1,10,October,Monday
2017-09-25 15:21:20,relogios_presentes,229.0,1,9,September,Monday
2017-03-05 20:49:55,moveis_decoracao,29.9,1,3,March,Sunday
2017-07-29 19:29:35,telefonia,45.0,1,7,July,Saturday
2018-04-30 10:10:48,perfumaria,23.9,1,4,April,Monday
2017-06-08 09:42:23,informatica_acessorios,49.9,1,6,June,Thursday
2017-09-11 15:08:11,cool_stuff,129.99,1,9,September,Monday
2018-03-01 19:14:00,beleza_saude,61.99,1,3,March,Thursday
2018-04-16 20:20:42,beleza_saude,120.0,1,4,April,Monday
2017-12-15 10:14:23,telefonia,29.99,1,12,December,Friday
2017-09-13 11:04:08,bebes,887.0,1,9,September,Wednesday
2018-08-05 13:36:36,automotivo,69.99,1,8,August,Sunday
2018-04-18 11:16:54,papelaria,31.99,1,4,April,Wednesday
2018-01-29 21:55:21,telefonia,69.9,1,1,January,Monday
2017-10-26 21:55:59,ferramentas_jardim,179.99,1,10,October,Thursday
2018-07-23 23:58:12,relogios_presentes,78.0,1,7,July,Monday
2018-02-08 23:51:51,telefonia,24.99,1,2,February,Thursday
2017-11-07 15:01:20,ferramentas_jardim,129.0,1,11,November,Tuesday
2017-08-28 17:57:12,moveis_decoracao,149.0,1,8,August,Monday
2018-05-28 21:02:23,automotivo,198.99,1,5,May,Monday
2018-06-02 23:06:14,pet_shop,134.9,1,6,June,Saturday
2017-06-27 11:28:59,cama_mesa_banho,59.9,1,6,June,Tuesday
2018-04-23 17:23:41,bebes,339.89,1,4,April,Monday
2018-04-25 11:41:18,papelaria,68.0,1,4,April,Wednesday
2018-07-14 18:39:58,esporte_lazer,199.0,1,7,July,Saturday
2018-02-18 09:31:03,brinquedos,49.99,1,2,February,Sunday
2018-01-24 17:34:07,informatica_acessorios,37.0,1,1,January,Wednesday
2018-04-17 11:25:39,perfumaria,117.7,1,4,April,Tuesday
2017-10-08 17:55:05,fashion_bolsas_e_acessorios,29.99,1,10,October,Sunday
2018-02-28 16:31:46,fashion_bolsas_e_acessorios,64.9,1,2,February,Wednesday
2018-03-23 14:22:27,alimentos,27.9,1,3,March,Friday
2018-08-11 23:40:17,esporte_lazer,43.0,1,8,August,Saturday
2017-10-22 10:41:39,cama_mesa_banho,80.0,1,10,October,Sunday
2018-01-05 14:14:32,esporte_lazer,109.9,1,1,January,Friday
2017-03-22 15:56:01,telefonia,59.0,1,3,March,Wednesday
2017-10-17 20:31:09,cama_mesa_banho,113.57,1,10,October,Tuesday
2017-04-04 17:37:53,eletroportateis,328.0,1,4,April,Tuesday
2017-01-23 16:57:22,beleza_saude,349.9,1,1,January,Monday
2018-02-20 20:10:07,informatica_acessorios,22.99,1,2,February,Tuesday
2018-08-11 00:34:38,ferramentas_jardim,49.9,1,8,August,Saturday
2018-03-10 22:27:17,telefonia,29.98,1,3,March,Saturday
2017-08-01 12:02:03,moveis_decoracao,79.9,1,8,August,Tuesday
2017-10-06 08:37:41,automotivo,214.0,1,10,October,Friday
2017-01-13 23:24:59,moveis_decoracao,89.9,1,1,January,Friday
2017-11-23 12:51:18,informatica_acessorios,188.1,1,11,November,Thursday
2018-08-04 13:18:33,automotivo,42.01,1,8,August,Saturday
2018-05-10 15:24:26,beleza_saude,1050.0,1,5,May,Thursday
2018-04-15 21:34:02,cama_mesa_banho,69.9,1,4,April,Sunday
2018-01-18 13:21:16,utilidades_domesticas,24.9,1,1,January,Thursday
2017-03-09 19:35:08,consoles_games,349.9,1,3,March,Thursday
2018-04-29 11:12:03,moveis_decoracao,69.9,1,4,April,Sunday
2018-04-19 11:13:34,perfumaria,89.9,1,4,April,Thursday
2018-02-26 19:39:40,beleza_saude,89.99,1,2,February,Monday
2017-06-02 09:18:44,cama_mesa_banho,34.9,1,6,June,Friday
2018-03-03 16:51:20,perfumaria,79.99,1,3,March,Saturday
2018-08-12 02:11:20,construcao_ferramentas_construcao,56.0,1,8,August,Sunday
2017-05-06 22:56:18,brinquedos,74.9,1,5,May,Saturday
2017-10-07 17:59:14,construcao_ferramentas_construcao,112.0,1,10,October,Saturday
2018-03-04 12:13:37,moveis_decoracao,148.0,1,3,March,Sunday
2017-12-14 17:38:47,brinquedos,209.9,1,12,December,Thursday
2018-04-12 18:47:28,instrumentos_musicais,69.0,1,4,April,Thursday
2018-02-22 12:32:51,utilidades_domesticas,105.0,1,2,February,Thursday
2017-06-28 17:21:02,cama_mesa_banho,74.9,1,6,June,Wednesday
2017-01-25 12:18:11,cama_mesa_banho,99.9,1,1,January,Wednesday
2018-03-23 17:13:43,perfumaria,54.99,1,3,March,Friday
2018-01-11 14:59:27,informatica_acessorios,66.9,1,1,January,Thursday
2017-03-02 22:16:14,moveis_decoracao,59.9,1,3,March,Thursday
2017-08-17 14:18:05,automotivo,359.9,1,8,August,Thursday
2017-03-09 10:42:24,moveis_decoracao,74.9,1,3,March,Thursday
2017-06-27 11:42:28,eletroportateis,319.0,1,6,June,Tuesday
2017-10-10 11:39:16,esporte_lazer,109.95,1,10,October,Tuesday
2017-03-05 15:27:03,telefonia,19.99,1,3,March,Sunday
2017-11-20 14:14:01,informatica_acessorios,79.0,1,11,November,Monday
2018-04-06 17:45:28,beleza_saude,59.99,1,4,April,Friday
2018-06-28 15:31:49,beleza_saude,40.16,1,6,June,Thursday
2017-09-15 23:12:17,beleza_saude,29.9,1,9,September,Friday
2018-05-20 22:55:19,ferramentas_jardim,53.9,1,5,May,Sunday
2017-06-22 13:37:51,utilidades_domesticas,59.9,1,6,June,Thursday
2018-07-31 00:23:09,cama_mesa_banho,99.9,1,7,July,Tuesday
2018-03-25 17:18:33,brinquedos,36.9,1,3,March,Sunday
2017-10-02 14:23:54,brinquedos,499.9,1,10,October,Monday
